<?xml version="1.0" encoding="UTF-8"?>
<project-private xmlns="http://www.netbeans.org/ns/project-private/1">
    <editor-bookmarks xmlns="http://www.netbeans.org/ns/editor-bookmarks/2" lastBookmarkId="0"/>
    <open-files xmlns="http://www.netbeans.org/ns/projectui-open-files/2">
        <group>
            <file>file:/C:/xampp/htdocs/edpms/mdareport6.php</file>
            <file>file:/C:/xampp/htdocs/edpms/update-progress.php</file>
            <file>file:/C:/xampp/htdocs/edpms/php/displaycertificate.php</file>
            <file>file:/C:/xampp/htdocs/edpms/php/approveproject.php</file>
            <file>file:/C:/xampp/htdocs/edpms/index.php</file>
            <file>file:/C:/xampp/htdocs/edpms/approve-projects.php</file>
            <file>file:/C:/xampp/htdocs/edpms/php/displaycov.php</file>
            <file>file:/C:/xampp/htdocs/edpms/edit-project.php</file>
            <file>file:/C:/xampp/htdocs/edpms/myjs/editproject.js</file>
            <file>file:/C:/xampp/htdocs/edpms/mdareport5.php</file>
            <file>file:/C:/xampp/htdocs/edpms/php/addcertificate.php</file>
            <file>file:/C:/xampp/htdocs/edpms/approve-certificates.php</file>
            <file>file:/C:/xampp/htdocs/edpms/mdareport7.php</file>
            <file>file:/C:/xampp/htdocs/edpms/php/addvariations.php</file>
            <file>file:/C:/xampp/htdocs/edpms/certificates.php</file>
            <file>file:/C:/xampp/htdocs/edpms/edit-contractors-consultants.php</file>
            <file>file:/C:/xampp/htdocs/edpms/contractors-consultants.php</file>
            <file>file:/C:/xampp/htdocs/edpms/approve-variation.php</file>
            <file>file:/C:/xampp/htdocs/edpms/accounts.php</file>
            <file>file:/C:/xampp/htdocs/edpms/myjs/contractor.js</file>
            <file>file:/C:/xampp/htdocs/edpms/update-project.php</file>
            <file>file:/C:/xampp/htdocs/edpms/php/generateprojectid.php</file>
            <file>file:/C:/xampp/htdocs/edpms/php/approvecertificate2.php</file>
            <file>file:/C:/xampp/htdocs/edpms/mdareport3.php</file>
            <file>file:/C:/xampp/htdocs/edpms/mdareport99.php</file>
            <file>file:/C:/xampp/htdocs/edpms/php/blacklist.php</file>
            <file>file:/C:/xampp/htdocs/edpms/users.php</file>
            <file>file:/C:/xampp/htdocs/edpms/php/login.php</file>
            <file>file:/C:/xampp/htdocs/edpms/mdareport4.php</file>
            <file>file:/C:/xampp/htdocs/edpms/php/variations.php</file>
            <file>file:/C:/xampp/htdocs/edpms/mdareport1.php</file>
            <file>file:/C:/xampp/htdocs/edpms/mdareport.php</file>
            <file>file:/C:/xampp/htdocs/edpms/myjs/approvals.js</file>
            <file>file:/C:/xampp/htdocs/edpms/create-project.php</file>
            <file>file:/C:/xampp/htdocs/edpms/myjs/update.js</file>
            <file>file:/C:/xampp/htdocs/edpms/php/approvecertificate.php</file>
            <file>file:/C:/xampp/htdocs/edpms/allreport.php</file>
            <file>file:/C:/xampp/htdocs/edpms/php/approvevariation.php</file>
            <file>file:/C:/xampp/htdocs/edpms/php/users.php</file>
            <file>file:/C:/xampp/htdocs/edpms/mdareport2.php</file>
            <file>file:/C:/xampp/htdocs/edpms/sidemenu.php</file>
            <file>file:/C:/xampp/htdocs/edpms/myjs/users.js</file>
            <file>file:/C:/xampp/htdocs/edpms/php/paidcertificate.php</file>
            <file>file:/C:/xampp/htdocs/edpms/mdareport9.php</file>
            <file>file:/C:/xampp/htdocs/edpms/contractors-directory.php</file>
            <file>file:/C:/xampp/htdocs/edpms/dashboard.php</file>
            <file>file:/C:/xampp/htdocs/edpms/myjs/login.js</file>
            <file>file:/C:/xampp/htdocs/edpms/consultants-directory.php</file>
            <file>file:/C:/xampp/htdocs/edpms/payments.php</file>
            <file>file:/C:/xampp/htdocs/edpms/php/displayuserpriv.php</file>
            <file>file:/C:/xampp/htdocs/edpms/mdareport8.php</file>
        </group>
    </open-files>
</project-private>
